Angostura Solera,"Tragarete Rd, Port of Spain"
Angostura Solera,"Eastern Main Road, Port of Spain"
Angostura Solera,"Gopaul Lands, Marabella"
Bel Air Store,"Union Park, Marabella"
Blue Sky Grocery,"Orchard Gardens, Chaguanas"
D Market Movers,"Midland Center, El Socorro"
Fyzool Supermarket,"Bonne Aventure, Gasparillo"
Peppercorns,"Westmall, Westmoorings"
Peppercorns,"Ellerslie Plaza, Maraval"
Peppercorns,"South Park, San Fernando"
PriceSmart,"South Trunk Road, San Fernando"
PriceSmart,"Price Plaza, Chaguanas"
PriceSmart,"Mausica Road, D'Abadie"
PriceSmart,"MovieTowne Mall, Port of Spain"
Rodneys Supermarket,"Cocorite Road, Arima"
Southern Food Basket,"Manahambre Rd, Princes Town"
Southern Food Basket,"Coffee St, San Fernando"
The Naughty Grape,"Mucurapo Rd, St James"
Tru Valu,"Valpark Shopping Plaza, Bejucal"
Tru Valu,"Trincity Mall, Piarco"
Tru Valu,"El Socorro Rd, San Juan"
Tru Valu,"Long Circular Mall, Port of Spain"
